x,RGB,Greedy,Mikasense
0.0,1.969708951287882e-30,2.7835010966761844e-31,1.1329306009017248e-31
0.125,0.0824334429011596,0.0549358703338437,0.0806454930627096
0.25,0.1053325340358988,0.0816937761450448,0.0972376150702773
0.375,0.1226902711445095,0.1027614661327636,0.1114703205737985
0.5,0.1360745953074326,0.1183950549547606,0.1234349336229567
0.625,0.144376692655685,0.1290289518471924,0.132393631192306
0.75,0.1505844802284595,0.1381714837827706,0.1399811288105495
0.875,0.1550416170654768,0.1435040676189008,0.1468059265982348
1.0,0.1595911755951931,0.1483819671006598,0.1504373708610483
